staion_nam,gauge_ID,lat_gauge,lon_gauge,NAME
Hinze,146033A,-28.065228,153.2887845,ADVANCETOWN LAKE
ARTHURS LAKE - AT PUMP STATION,418.1,-41.98830556,146.8624722,ARTHURS LAKE
Lake Awoonga,63,-24.0696,151.3107,AWOONGA RESERVOIR
Barkers Creek Storage,BARKERSCREEK,-36.966404,144.277525,BARKERS CREEK RESERVOIR
Barossa Reservoir (SA Water),SAWBARS.1,-34.65163501,138.8503435,BAROSSA RESERVOIR
Bedford Weir HW,130104A,-23.3739,148.84075,BEDFORD WEIR
Ben Anderson Barrage,136020A,-24.93,152.25525,BEN ANDERSON BARRAGE
Burnett_R Bingera,136005A,-24.9379,152.1918,BEN ANDERSON BARRAGE
Bendora Res. at Dam,410717,-35.44672222,148.8284167,BENDORA DAM
BEREMBED STORAGE,41010904,-34.8775,146.8376,BEREMBED WEIR
Bingegang Weir H/W,130106A,-23.07616667,149.0330833,BINGEGANG WEIR
R Murray us Lock 1,A4260902,-34.34995762,139.6155508,BLANCHETOWN WEIR
BLOWERING DAM,410102,-35.4012,148.2429,BLOWERING RESERVOIR
Boondooma Dam,136316A,-26.09559,151.433853,BOONDOOMA LAKE
Bostock Enviromental,RE670,-37.608,144.1848,BOSTOCK RESERVOIR
BROGO DAM,219027,-36.4911,149.742,BROGO RIVER
Logan R at Bromelton Dam HW,145034A,-27.946,152.9539,BROMELTON OFFSTREAM STORAGE
BRONTE LAGOON - AT DAM,167.1,-42.18647222,146.4787222,BRONTE LAGOON
Bucca Weir,135008A,-24.8594,152.0716,BUCCA WEIR
Buckinbah Weir,4222008A,-28.073286,148.754591,BUCKINBAH WEIR
Cairn Curran Reservoir,sp-o10138,-36.989,143.9684,CAIRN CURRAN RESERVOIR
"Canning Dam Daily Dam Water Level, Perth Region",PI_230028.1,-32.176582,116.138765,CANNING RESERVOIR
Canning Dam Storage Volume,ODSS_11933_STAMN.1,-32.176582,116.138765,CANNING RESERVOIR
Canning WSL - Logger Data,ODSS_45529_WSLAHD.1,-32.176582,116.138765,CANNING RESERVOIR
Canning Wsl-Ranger,ODSS_21166_WSLAHD.1,-32.176582,116.138765,CANNING RESERVOIR
CARCOAR DAM,412106,-33.6179,149.1776,CARCOAR LAKE
CARDINIA RES HG,228263A,-37.9711,145.388,CARDINIA RESERVOIR
Cedar Pocket,138012A,-26.215746,152.7920445,CEDAR POCKET DAM
CHAFFEY DAM,419069,-31.348147,151.13947,CHAFFEY RESERVOIR DAM
Chinchilla Weir,422358B,-26.799304,150.578926,CHINCHILLA WEIR
"Chruchmans Brook Dam Daily Dam Water Level, Perth",PI_230044.1,-32.152885,116.081425,CHURCHMAN BROOK DAM
Churchman Bk Wsl-Logger,ODSS_53443_WSLAHD.1,-32.152885,116.081425,CHURCHMAN BROOK DAM
Churchman Bk Wsl-Ranger,ODSS_21165_WSLAHD.1,-32.152885,116.081425,CHURCHMAN BROOK DAM
Churchmans Brook Dam Storage Volume,ODSS_11709_STAMN.1,-32.152885,116.081425,CHURCHMAN BROOK DAM
Claude Wharton HW,136003C,-25.61474,151.595,CLAUDE WHARTON WEIR
CLUNY LAGOON - AT DAM,573.1,-42.50658333,146.6809722,CLUNY LAGOON
COCHRANE DAM STORAGE,219033,-36.5703,149.4554,COCHRANE LAKE
Cooby Dam,69,-27.36415365,151.9682063,COOBY CREEK RESERVOIR
Cooloolabin,141011A,-26.5496865,152.877455,COOLOOLABIN DAM
Corin Res. at Dam,410742,-35.53644444,148.8374444,CORIN DAM
Cotter Res. at Dam,410704,-35.31925,148.9386667,COTTER DAM
Darwin R Dam I/Flow,G8150011,-12.83031358,130.9728375,DARWIN RIVER DAM
DEE LAGOON - AT TUNNEL INLET,179.1,-42.24777778,146.5658333,DEE LAGOON
DEVILBEND RESERVOIR,228264A,-38.2885,145.1059,DEVILBEND RESERVOIR
Dock Lake,DOCK,-36.77281,142.29673,DOCK LAKE
Enoggera,143047A,-27.446614,152.9214275,ENOGGERA RESERVOIR
MCCALLUMS C EVAN RES,407333A,-37.27562072,143.6541953,EVANSFORD RESERVOIR
Addlington Ck at Ewen Maddock Dam HW,141012A,-26.779,153.009,EWEN MADDOCK DAM
Fitzroy Falls,215235.1,-34.6424245,150.4984335,FITZROY FALLS RESERVOIR
Fitzroy Falls,215235.3,-34.6424245,150.4984335,FITZROY FALLS RESERVOIR
Geehi at Geehi Res,401570,-36.29963611,148.3169389,GEEHI RESERVOIR
Giru Weir HW,119007A,-19.5105,147.1121,GIRU WEIR
Dawson_R Glebe Wr HW,130338A,-25.46367,150.03441,GLEBE WEIR
"Glen Mervyn Dam Daily Dam Water Level, Bunbury, So",PI_342969.1,-33.4982675,116.100211,GLEN MERVYN DAM
Glen Mervyn Wsl,ODSS_18332_WSLAHD.1,-33.4982675,116.100211,GLEN MERVYN DAM
Glen Mervyn Wsl - Logger,ODSS_47683_WSLAHD.1,-33.4982675,116.100211,GLEN MERVYN DAM
GOGELDRIE STORAGE,41010922,-34.6165,146.2579,GOGELDRIE WEIR
Gold Creek,143048A,-27.4596495,152.877827,GOLD CREEK RESERVOIR
Gong Gong,CHWGONR,-37.5451755,143.93521,GONG GONG RESERVOIR
FELLMONGERS C AT RES,233272A,-37.5482,143.9331,GONG GONG RESERVOIR
Googong Res at Dam,410748,-35.42125,149.2634167,GOOGONG RESERVOIR
Goulburn Weir,sp-o10438,-36.7175,145.1711,GOULBURN WEIR
Grahamstown Dam,M316,-32.767842,151.7932333,GRAHAMSTOWN LAKE
Grahamstown Dam,D13,-32.767842,151.7932333,GRAHAMSTOWN LAKE
GREAT LAKE - AT POATINA INLET,139.2,-41.83861111,146.8277222,GREAT LAKE
Green Lake,GREEN,-36.79225,142.2921,GREEN LAKE
Greens Lake,sp-o10454,-36.433798,144.834474,GREEN LAKE
GREENVALE RESERVOIR,229407A,-37.6293,144.902,GREENVALE RESERVOIR
Gungahlin Pond,410788,-35.1919,149.1058,GUNGAHLIN POND
Guthega Pondage RL,222537,-36.37904722,148.3705056,GUTHEGA PONDAGE
Gyranda Weir HW,130354A,-25.2841,150.1825,GYRANDA WEIR
Happy Valley Reservoir (SA Water),SAWHAPVRS.1,-35.07251623,138.5715183,HAPPY VALLEY RESERVOIR
"Harvey Dam Daily Dam Water Level, Bunbury, South W",PI_342988.1,-33.078503,115.95149,HARVEY DAM
Harvey Dam Water Level,ODSS_45321_SLEVELM.1,-33.078503,115.95149,HARVEY DAM
Harvey Dam Water Level-Logger,ODSS_47866_WSLAHD.1,-33.078503,115.95149,HARVEY DAM
Harvey Dam Water Level-Manual,ODSS_55912_WSLAHD.1,-33.078503,115.95149,HARVEY DAM
HAY STORAGE,41010928,-34.5252,144.7116,HAY WEIR
Mundaring Dam Storage Volume,ODSS_12030_STAMN.1,-31.9913885,116.215395,HELENA RIVER RESERVOIR
Mundaring Water levels - SCADA,ODSS_52306_WSLAHD.1,-31.9913885,116.215395,HELENA RIVER RESERVOIR
"Mundaring Weir Daily Dam Water Level, Perth Region",PI_230045.1,-31.9913885,116.215395,HELENA RIVER RESERVOIR
Mundaring Wsl-Logger,ODSS_53437_WSLAHD.1,-31.9913885,116.215395,HELENA RIVER RESERVOIR
Mundaring Wsl-Ranger,ODSS_21168_WSLAHD.1,-31.9913885,116.215395,HELENA RIVER RESERVOIR
HOPE VALLEY RESERVOIR @ Hope Valley,A5040547.1,-34.85638869,138.6843562,HOPE VALLEY RESERVOIR
Hope Valley Reservoir (SA Water),SAWHOPVRS.1,-34.8519,138.6857,HOPE VALLEY RESERVOIR
Island Bend Pondage,222539,-36.31494722,148.4826556,ISLAND BEND PONDAGE
Jack Taylor H.W.,422214A,-28.03861111,148.5716667,JACK TAYLOR WEIR
Jounama Pondage RL,410573,-35.5615,148.3067,JOUNAMA PONDAGE
TORRENS RIVER @ Kangaroo Ck. Res.,A5040531.1,-34.86494831,138.7748339,KANGAROO CREEK RESERVOIR
Kangaroo Creek Reservoir (SA Water),SAWKACKRS.1,-34.86293916,138.7865552,KANGAROO CREEK RESERVOIR
Kellys,130,-23.00390182,150.6916227,KELLYS OFFSTREAM STORAGE
Swampy-Khancbn Pond,401569,-36.2206,148.1089,KHANCOBAN PONDAGE
Kirar Weir HW,136121A,-25.34556,151.079067,KIRAR WEIR
Kolan Barrage,135010B,-24.7849,152.18905,KOLAN BARRAGE
Korweinguboora Reser,RE690,-37.5103,144.1489,KORWEINGUBOORA RESERVOIR
Kroombit Dam,130360A,-24.4161,150.7721,KROOMBIT CREEK DAM
2km N Warringee Pt,A4261155,-35.67660246,139.2502685,LAKE ALBERT
L Albt Meningie Dly,A4261057,-35.68119708,139.3404421,LAKE ALBERT
Near Waltowa Swamp,A4261153,-35.60295223,139.3363968,LAKE ALBERT
Us Tauwitchere Dly,A4261006,-35.58278636,139.0018599,LAKE ALEXANDRINA
3km W Pt McLeay,A4261156,-35.51481282,139.0647519,LAKE ALEXANDRINA
4km W Pomanda Point,A4261158,-35.42976112,139.2686892,LAKE ALEXANDRINA
7km SE Milang,A4261157,-35.43726909,139.0398203,LAKE ALEXANDRINA
Beacon 97 (Raukkan),A4261133,-35.4863,139.1381,LAKE ALEXANDRINA
L Alex /Milang Daily,A4261004,-35.40594922,138.9774083,LAKE ALEXANDRINA
L Alex/Mulgundawa,A4260574,-35.3473,139.2441,LAKE ALEXANDRINA
Poltalloch Plns,A4260575,-35.4522,139.3501,LAKE ALEXANDRINA
Atkinson,143234A,-27.4286405,152.446012,LAKE ATKINSON
AUGUSTA LAKE - AT INTAKE,155.1,-41.84444444,146.5722222,LAKE AUGUSTA
Avon,212211.1,-34.419586,150.675933,LAKE AVON
Avon,212211.3,-34.419586,150.675933,LAKE AVON
Avon Dam,212211,-34.35093233,150.6405005,LAKE AVON
"Harris Dam Daily Dam Water Level, Bunbury, South W",PI_342971.1,-33.215313,116.139168,LAKE BALLINGALL
Harris Wsl,ODSS_18331_WSLAHD.1,-33.215313,116.139168,LAKE BALLINGALL
Harris Wsl - Logger,ODSS_56221_WSLAHD.1,-33.215313,116.139168,LAKE BALLINGALL
"South Dandalup Dam Daily Dam Water Level, Perth Re",PI_13881.1,-32.6760495,116.100205,LAKE BANKSIADALE
Sth Dandalup Wsl-Logger,ODSS_57569_WSLAHD.1,-32.6760495,116.100205,LAKE BANKSIADALE
Sth Dandalup Wsl-Ranger,ODSS_21137_WSLAHD.1,-32.6760495,116.100205,LAKE BANKSIADALE
Bjelke-Petersen Dam,136210A,-26.304324,151.978619,LAKE BARAMBAH
Baroon Pocket,138121A,-26.710085,152.872818,LAKE BAROON
BARRINGTON LAKE - AT DAM,604.1,-41.35722222,146.2644722,LAKE BARRINGTON
Lake Batyo Catyo,BATYO_CATYO,-36.51393,142.93644,LAKE BATYO CATYO
Lake Bellfield,LAKE_BELLFIELD,-37.19361,142.55186,LAKE BELLFIELD
Yabba Ck at Borumba Dam HW,138112A,-26.50967519,152.5818648,LAKE BORUMBA
BREWSTER STORAGE,412108,-33.4231,145.9419,LAKE BREWSTER
INFLOW @ EASTERNSPIL,41200211,-33.46286107,145.9915817,LAKE BREWSTER
INNEASTERN@LAKE BREW,41200216,-33.46409217,145.9607861,LAKE BREWSTER
NORTHERN @ U/SOFREGU,41200213,-33.42634145,145.9420946,LAKE BREWSTER
OUTEASTERN@LAKE BREW,41200215,-33.4755889,145.9659697,LAKE BREWSTER
OUTWESTERN@LAKEBREWS,41200214,-33.47553943,145.9660941,LAKE BREWSTER
SOUTH@LAKE BREWSTER,41200212,-33.47574363,145.9661379,LAKE BREWSTER
Logue Brook Wsl,ODSS_18317_WSLAHD.1,-32.9983065,115.97324,LAKE BROCKMAN
Logue Brook Wsl - Logger,ODSS_57330_WSLAHD.1,-32.9983065,115.97324,LAKE BROCKMAN
"Logues Brook Dam Daily Dam Water Level, Bunbury, S",PI_342989.1,-32.9983065,115.97324,LAKE BROCKMAN
Lake Buffalo,sp-o10109,-36.731584,146.65682,LAKE BUFFALO
BURBURY LAKE - AT CROTTY DAM,298.1,-42.16,145.617,LAKE BURBURY
Warragamba,212243.3,-33.9925245,150.421642,LAKE BURRAGORANG
Warragamba,212243.1,-33.9925245,150.421642,LAKE BURRAGORANG
Warragamba Dam Level,212243,-33.8911,150.5911,LAKE BURRAGORANG
BURRENDONG DAM,421078,-32.6673,149.1115,LAKE BURRENDONG
BURRINJUCK DAM,410131,-35,148.5989,LAKE BURRINJUCK
Callide Dam,130314C,-24.366719,150.615713,LAKE CALLIDE
Callide Dam (Intake),130314B,-24.366451,150.617484,LAKE CALLIDE
Cania Dam,136115A,-24.64975,150.98333,LAKE CANIA
CARGELLIGO STORAGE,412107,-33.3,146.380067,LAKE CARGELLIGO
CATAGUNYA LAKE - AT DAM,592.1,-42.44777778,146.5938889,LAKE CATAGUNYA
Cataract,212232.1,-34.296234,150.820079,LAKE CATARACT
Cataract,212232.3,-34.296234,150.820079,LAKE CATARACT
LAKE CAWNDILLA,425023,-32.5253,142.2205,LAKE CAWNDILLA
CETHANA LAKE - AT DAM,625.1,-41.4823,146.1347,LAKE CETHANA
Chichester Dam,M309,-32.2379,151.6897,LAKE CHICHESTER
Chichester Dam,D3,-32.2379,151.6897,LAKE CHICHESTER
Clarendon,143235A,-27.5021585,152.3494275,LAKE CLARENDON
Coolmunda Dam,416409A,-28.437064,151.217928,LAKE COOLMUNDA
COPETON DAM,418035,-29.9049,150.9234,LAKE COPETON
Cordeaux,212220.3,-34.3711965,150.765815,LAKE CORDEAUX
Cordeaux,212220.1,-34.3711965,150.765815,LAKE CORDEAUX
Cordeaux Dam,212220,-34.33640266,150.7459185,LAKE CORDEAUX
Cressbrook Dam,70,-27.26140092,152.1993363,LAKE CRESSBROOK
Burdekin Falls Dam,120016A,-20.646852,147.13696,LAKE DALRYMPLE
DARTMOUTH DAM,401224A,-36.5585,147.5262,LAKE DARTMOUTH
Dartmouth,sp-o10298,-36.624355,147.6152085,LAKE DARTMOUTH
Bill Gunn Dam L Dyer,143228A,-27.63166667,152.3794444,LAKE DYER
ECHO LAKE - AT DAM,176.1,-42.21657222,146.6395694,LAKE ECHO
EILDON,sp-o10334,-37.22512324,145.9320494,LAKE EILDON
Lake Eppalock,sp-o10350,-36.8510207,144.5312227,LAKE EPPALOCK
Lake Eucumbene RL,222538,-36.13036389,148.6139778,LAKE EUCUMBENE
Eungella Dam,120211A,-21.1381,148.3876,LAKE EUNGELLA
GAIRDNER LAKE - AT DAM,613.1,-41.4723,146.0731,LAKE GAIRDNER
L Ginninderra at Dam,410765,-35.22252778,149.0651389,LAKE GINNINDERRA
GLENBAWN DAM,210097,-32.1026,150.9926,LAKE GLENBAWN
GORDON LAKE [AT INTAKE],646.1,-42.73972222,145.9816667,LAKE GORDON
GREAVES CREEK AT DAM,212285,-33.65472266,150.3088892,LAKE GREAVES
Greaves Creek,212285.3,-33.6560655,150.307351,LAKE GREAVES
Greaves Creek,212285.1,-33.6560655,150.307351,LAKE GREAVES
HENTY LAKE - AT DAM,286.1,-41.88027778,145.5494444,LAKE HENTY
HUME DAM,409011,-36.0899,147.0585,LAKE HUME
HUME DAM STORAGE,401027,-36.0885,147.0539,LAKE HUME
Lake Jindabyne RL,222540,-36.34611111,148.6062472,LAKE JINDABYNE
Julius Dam,913015B,-20.129421,139.71463,LAKE JULIUS
Julius Dam HW,913015A,-20.167982,139.734708,LAKE JULIUS
Samson Bk Wsl,ODSS_18326_WSLAHD.1,-32.884366,116.0295775,LAKE KABBAMUP
Samson Brook Dam Water levels Logger,ODSS_61742_WSLAHD.1,-32.884366,116.0295775,LAKE KABBAMUP
"Samson Pipehead Daily Dam Water Level, Bunbury, So",PI_1930.1,-32.884366,116.0295775,LAKE KABBAMUP
Balonne_R  Beardmore,422212B,-27.86999964,148.6394402,LAKE KAJARABIE
KEEPIT DAM,419041,-30.8792,150.4928,LAKE KEEPIT
Kerferd Reservoir,RES_BEEWKFS,-36.3695,146.7385,LAKE KERFERD
Kinchant Dam HW,126004A,-21.21272222,148.8993889,LAKE KINCHANT
KING WILLIAM LAKE - AT DAM,128.1,-42.2667,146.2614,LAKE KING WILLIAM
Lake Kurwongbah,142108A,-27.2434645,152.9599645,LAKE KURWONGBAH
Leslie Dam,422315B,-28.216593,151.91816,LAKE LESLIE
LIAPOOTAH POND - AT DAM,579.1,-42.31836111,146.4724167,LAKE LIAPOOTAH
Lake Lonsdale,LAKE_LONSDALE,-37.02513,142.62308,LAKE LONSDALE
Loombah Reservoir,RES_BENWLOR,-36.7208,146.2191,LAKE LOOMBAH
Lake MacDonald,138122A,-26.392392,152.9365115,LAKE MACDONALD
MACKENZIE LAKE - AT DAM,629.1,-41.68027778,146.3831944,LAKE MACKENZIE
MACKINTOSH LAKE - AT DAM,656.1,-41.69722222,145.6463889,LAKE MACKINTOSH
Lake Manchester,143049A,-27.481165,152.7657155,LAKE MANCHESTER
Fairbairn Dam,130216A,-23.65246,148.07425,LAKE MARABOON
MARGARET LAKE - AT DAM,370.1,-41.9916,145.5715,LAKE MARGARET
Maroon,145021A,-28.189798,152.644859,LAKE MAROON
GREAVES CK @ MEDLOW,212284,-33.65861165,150.2991665,LAKE MEDLOW
Lake Medlow,212284.1,-33.658383,150.2969155,LAKE MEDLOW
Lake Medlow,212284.3,-33.658383,150.2969155,LAKE MEDLOW
LAKE MENINDEE,425022,-32.2956,142.3682,LAKE MENINDEE
Lake Mokoan,sp-o10806,-36.458796,146.092765,LAKE MOKOAN
Fred Haigh Dam,135009A,-24.87195,151.84938,LAKE MONDURAN
Moogerah,143111A,-28.0435625,152.540456,LAKE MOOGERAH
Water Copperlode Dam,1392,-16.97947521,145.6746228,LAKE MORRIS
Drakes Bk Water level Logger,ODSS_58804_WSLAHD.1,-32.8579655,115.9525355,LAKE MOYANUP
Drakes Bk Wsl,ODSS_18319_WSLAHD.1,-32.8579655,115.9525355,LAKE MOYANUP
"Drakes Brook Dam Daily Dam Water Level, Bunbury, S",PI_342968.1,-32.8579655,115.9525355,LAKE MOYANUP
Yarrawonga Weir,sp-o10814,-36.0103075,146.091535,LAKE MULWALA
MURCHISON LAKE - AT DAM,657.1,-41.78277778,145.6463889,LAKE MURCHISON
"Waroona Dam Daily Dam Water Level, Bunbury, South",PI_321994.1,-32.8480895,115.996525,LAKE NAVARINO
Waroona Dam Water Level,ODSS_46394_WSLAHD.1,-32.8480895,115.996525,LAKE NAVARINO
Waroona Dam Water Level Logger,ODSS_47359_WSLAHD.1,-32.8480895,115.996525,LAKE NAVARINO
Nepean,212205.3,-34.360153,150.593278,LAKE NEPEAN
Nepean,212205.1,-34.360153,150.593278,LAKE NEPEAN
NEWTON LAKE - AT DAM,296.1,-41.91083333,145.5652778,LAKE NEWTON
Lake Nillahcootie,sp-o10930,-36.8849555,145.99946,LAKE NILLAHCOOTIE
OBERON DAM,421189,-33.72500784,149.8646464,LAKE OBERON
PALOONA LAKE - AT DAM,627.1,-41.28327778,146.2491667,LAKE PALOONA
Lake Paluma,9575,-18.954914,146.1469045,LAKE PALUMA
L PAMARAROO   COPI H,425021,-32.3,142.44,LAKE PAMAMAROO
LAKE PAMAMAROO,42510036,-32.3,142.44,LAKE PAMAMAROO
Paradise Dam (Alert),136024B,-25.355121,151.919634,LAKE PARADISE
Paradise Dam,136024A,-25.35111111,151.9195,LAKE PARADISE
PARANGANA LAKE - AT DAM,594.1,-41.6335,146.2216,LAKE PARANGANA
PEDDER LAKE - AT SERPENTINE,648.1,-42.7775,145.9827778,LAKE PEDDER
Perseverance Dam,71,-27.30033951,152.1229327,LAKE PERSEVERANCE
PIEMAN LAKE [AT DAM],742.1,-41.72583333,145.1366667,LAKE PIEMAN
PINDARI DAM,416030,-29.3854,151.243,LAKE PINDARI
PLIMSOLL LAKE - AT INTAKE,294.1,-41.86805556,145.6161111,LAKE PLIMSOLL
"Harding Daily Dam Water Level, West Pilbara, North",PI_13770.1,-21.0118435,117.1161005,LAKE POONGKALIYARRA
Harding Dam,ODSS_22257_SLEVELM.1,-21.0118435,117.1161005,LAKE POONGKALIYARRA
Harding Dam Water Levels - Site Readings,ODSS_46616_WSLAHD.1,-21.0118435,117.1161005,LAKE POONGKALIYARRA
Harding WSL - GIS logger at Damsite,ODSS_57389_WSLAHD.1,-21.0118435,117.1161005,LAKE POONGKALIYARRA
Peter Faust Dam,122010A,-20.36671,148.3822,LAKE PROSERPINE
REPULSE LAKE - AT DAM,580.1,-42.50722222,146.6463333,LAKE REPULSE
ROSEBERY LAKE [AT DAM],658.1,-41.73555556,145.5322222,LAKE ROSEBERY
Ross River Dam,532020A,-19.41166667,146.7352778,LAKE ROSS
Ross_R Ross R Dam,118104A,-19.41166667,146.7352778,LAKE ROSS
Ross Dam,9573,-19.4099,146.7374,LAKE ROSS
ROWALLAN LAKE - AT DAM,562.1,-41.73141667,146.2163611,LAKE ROWALLAN
St.CLAIR LAKE - AT PUMP HOUSE POINT,131.1,-42.10502778,146.2020833,LAKE SAINT CLAIR
North Pine,142801A,-27.2615345,152.8984545,LAKE SAMSONVALE
Somerset,143305A,-27.0394235,152.5689775,LAKE SOMERSET
GLENNIES CREEK DAM,210117,-32.36342393,151.2486243,LAKE ST CLAIR
Taylors Lake,TAYLORS,-36.77312,142.38656,LAKE TAYLOR
Tinaroo Falls Dam,110014A,-17.164314,145.546399,LAKE TINAROO
TREVALLYN LAKE - AT DAM,158.1,-41.44755556,147.0868333,LAKE TREVALLYN
Tugg Ck at Weir,410771,-35.41905556,149.0738333,LAKE TUGGERANONG
Lake Tuggeranong Dam,410784,-35.4087,149.0636,LAKE TUGGERANONG
L Vic /SE Corner,A4261061,-34.027,141.3234,LAKE VICTORIA
L Vic /SW Corner,A4261060,-34.0262,141.28,LAKE VICTORIA
Lake Vic/Outlet Reg,A4260553,-34.03894794,141.276493,LAKE VICTORIA
Lake Victoria,4261093,-33.9837,141.2764,LAKE VICTORIA
Lake Victoria WL,A4261093,-33.9837,141.2764,LAKE VICTORIA
L WETHERELL TANDURE,425020,-32.3076,142.5043,LAKE WETHERELL
L WETHERELL@STORAGE,425046,-32.30756717,142.5043165,LAKE WETHERELL
Lake William Hovell,sp-o11590,-36.91340337,146.3863558,LAKE WILLIAM HOVELL
WINDAMERE DAM,421148,-32.7259,149.7675,LAKE WINDAMERE
Wivenhoe,143036A,-27.312063,152.54542,LAKE WIVENHOE
WOODFORD CK @ DAM,212286,-33.70027787,150.4841665,LAKE WOODFORD
WORONORA DAM,213210,-34.10929569,150.9365189,LAKE WORONORA
Woronora,213210.1,-34.139494,150.9468655,LAKE WORONORA
Woronora,213210.3,-34.139494,150.9468655,LAKE WORONORA
WYANGALA STORAGE,412010,-33.9688,148.9517,LAKE WYANGALA
Tallowa,215212.3,-34.749206,150.3447575,LAKE YARRUNGA
Tallowa,215212.1,-34.749206,150.3447575,LAKE YARRUNGA
LAL LAL RES. H.G.,232222A,-37.67679004,144.0743393,LAL LAL RESERVOIR
LAUGHING JACK LAGOON - AT DAM,211.1,-42.1758,146.3306,LAUGHING JACK LAGOON
Lauriston Reservoir,LAURISTON,-37.267355,144.392061,LAURISTON RESERVOIR
Little Nerang,146034A,-28.1526,153.2836,LITTLE NERANG DAM
Little Para Reservoir (SA Water),SAWLPRS.1,-34.7451221,138.725295,LITTLE PARA RESERVOIR
LITTLE PARA RIVER @ Little Para Reservoir,A5040528.1,-34.7537,138.7191,LITTLE PARA RESERVOIR
LITTLE PINE LAGOON - AT DAM,236.1,-42.01083333,146.59,LITTLE PINE LAGOON
LOSTOCK DAM,210102,-32.3292,151.4569,LOSTOCK DAM
CASCADE CREEK @ No 2,212282,-33.68388894,150.305834,LOWER CASCADE CREEK DAM
Lower Cascade,212282.3,-33.685222,150.3044255,LOWER CASCADE CREEK DAM
Lower Cascade,212282.1,-33.685222,150.3044255,LOWER CASCADE CREEK DAM
Malmsbury Reservoir,MALMSBURY,-37.210576,144.370136,MALMSBURY RESERVOIR
MALPAS DAM,206036,-30.2894,151.7372,MALPAS RESERVOIR
DAM-MANGRV.Dam_WaterStorage_ML_BOM2012,DAM_MANGRV.1,-33.2177,151.1251,MANGROVE CREEK DAM
DAM-MARDI.Dam_WaterStorage_ML_BOM2012,DAM_MARDI.1,-33.297,151.3966,MARDI DAM
Marian Weir HW,125003A,-21.141222,148.936264,MARIAN WEIR
Mirani Weir HW,125008A,-21.17788,148.83,MARIAN WEIR
WATTS RIV-MAROONDAH,229130A,-37.6429,145.555,MAROONDAH RESERVOIR
MAUDE STORAGE,41010941,-34.4763,144.3047,MAUDE WEIR
McCallsay Reservoir,RES_BENWMSR,-36.788587,146.210809,MCCALL SAY RESERVOIR
McCay Storage,MCCAY,-37.091096,144.300013,MCCAY RESERVOIR
MEADOWBANK LAKE - AT DAM,565.1,-42.6108,146.8458,MEADOWBANK LAKE
Middle Cascade,212281.3,-33.690155,150.3026625,MIDDLE CASCADE CREEK DAM
Middle Cascade,212281.1,-33.690155,150.3026625,MIDDLE CASCADE CREEK DAM
CASCADE CREEK @ No 1,212281,-33.6889,150.3036,MIDDLE CASCADE CREEK DAM
MILLBROOK RESERVOIR @ DAM EMBANKMENT,A5040520.1,-34.83259978,138.806997,MILLBROOK RESERVOIR
Millbrook Reservoir (SA Water),SAWMILBRS.1,-34.82773248,138.8143135,MILLBROOK RESERVOIR
"Moochalabra Daily Dam Water Level, North West Regi",PI_359775.1,-15.6183465,128.102765,MOOCHALABRA DAM
Moochalabra WSL,ODSS_39563_WSLAHD.1,-15.6183465,128.102765,MOOCHALABRA DAM
Moochalabra WSL Logged DOW,ODSS_55089_WSLAHD.1,-15.6183465,128.102765,MOOCHALABRA DAM
Moolabah Weir,4222007A,-27.991932,148.735166,MOOLABAH WEIR
DAM-MOONEY.Dam_WaterStorage_ML_BOM2012,DAM_MOONEY.1,-33.37641667,151.2490556,MOONEY MOONEY DAM
Moora Moora Reservoir,MOORA,-37.22993,142.42362,MOORA MOORA RESERVOIR
MOORABOOL WB RES HG,232217A,-37.51551006,144.0847696,MOORABOOL RESERVOIR
ONKAPARINGA RIVER @ Mt Bold Reservoir,A5030501.1,-35.12322108,138.6829369,MOUNT BOLD RESERVOIR
Mt Bold Reservoir (SA Water),SAWMTBORS.1,-35.11934755,138.7095377,MOUNT BOLD RESERVOIR
Mt Cole Reservoir,MT_COLE,-37.28187,143.20495,MOUNT COLE RESERVOIR
No 7 Dam,132,-23.64198256,150.4061572,MOUNT MORGAN NO7 DAM
Moura Off-stream,130351A,-24.6089,149.9718,MOURA OFFSTREAM
Moura Weir HW,130350B,-24.61006,149.94202,MOURA WEIR
MYPONGA RIVER @ Myponga Reservoir,A5020501.1,-35.40014743,138.4201946,MYPONGA RESERVOIR
Myponga Reservoir (SA Water),SAWMYPRS.1,-35.39704456,138.4352397,MYPONGA RESERVOIR
Ned Churchward HW,136023A,-25.0515,152.09945,NED CHURCHWARD WEIR
Neville Hewitt HW,130304B,-24.172467,149.813974,NEVILLE HEWITT WEIR
Newlyn Reservoir,sp-o10926,-37.408774,144.007265,NEWLYN RESERVOIR
"North Dandalup Main Dam Daily Dam Water Level, Per",PI_14564.1,-32.517006,116.0284705,NORTH DANDALUP DAM
Nth Dandalup WSL - Logger Data,ODSS_45531_WSLAHD.1,-32.517006,116.0284705,NORTH DANDALUP DAM
Nth Dandalup Water Level-Ranger,ODSS_21138_WSLAHD.1,-32.517006,116.0284705,NORTH DANDALUP DAM
Argyle Vill Top Dam Wsl,ODSS_18337_WSLAHD.1,-16.1135755,128.732855,ORD RIVER
Lake Argyle Dam,ODSS_22241_GLEVN.1,-16.1135755,128.732855,ORD RIVER
Lake Argyle Water level Logged on SCADA,ODSS_58794_WSLAHD.1,-16.1135755,128.732855,ORD RIVER
"Ord River Daily Dam Water Level, North West Region",PI_357925.1,-16.1135755,128.732855,ORD RIVER
"Kununurra Diversion Dam Daily Water Level, North W",PI_358347.1,-15.7919,128.6952,ORD RIVER
Kununurra Dv. Water Levels SCADA,ODSS_61661_WSLAHD.1,-15.7919,128.6952,ORD RIVER
Kununurra Dv. Wsl,ODSS_18313_WSLAHD.1,-15.7919,128.6952,ORD RIVER
OSHANNASSY RES HG,229111A,-37.675075,145.805751,OSHANNASSY RESERVOIR
R Murray us Lock 3,A4260516,-34.18796957,140.3590967,OVERLAND WEIR
PENSTOCK LAGOON - AT CANAL OUTLET,508.1,-42.0825,146.7722222,PENSTOCK LAGOON
Pine Lake,PINE,-36.77836,142.34736,PINE LAKE
PINE TIER LAGOON - AT DAM,171.1,-42.09944445,146.4880556,PINE TIER LAGOON
Poona,141013A,-26.596007,152.91015,POONA DAM
Prospect,213240.1,-33.820135,150.8922225,PROSPECT RESERVOIR
Prospect,213240.3,-33.820135,150.8922225,PROSPECT RESERVOIR
Prospect Reservoir,213240,-33.8329,150.8902,PROSPECT RESERVOIR
"Quickup Daily Dam Water Level, Albany, Great South",PI_427.1,-34.8991375,117.3856875,QUICKUP DAM
Quickup Wsl,ODSS_18327_WSLAHD.1,-34.8991375,117.3856875,QUICKUP DAM
Quickup Wsl - Logger,ODSS_51192_WSLAHD.1,-34.8991375,117.3856875,QUICKUP DAM
R Murray us Lock 5,A4260512,-34.18872837,140.7665993,RENMARK WEIR
Rocklands Reservoir,ROCKLANDS,-37.24297,141.97901,ROCKLANDS RESERVOIR
Sandhurst Storage,SANDHURST,-36.84562,144.244158,SANDHURST RESERVOIR
"Manjimup Dam Daily Dam Water Level, South West Reg",PI_342996.1,-34.2788675,116.04553,SCABBY GULLY DAM
Manjimup Dam Wsl,ODSS_18335_WSLAHD.1,-34.2788675,116.04553,SCABBY GULLY DAM
Scabby Gully Dam Wsl Logger,ODSS_56581_WSLAHD.1,-34.2788675,116.04553,SCABBY GULLY DAM
"Serpentine Dam Daily Dam Water Level, Perth Region",PI_238185.1,-32.459706,116.152275,SERPENTINE DAM
Serpentine Main Dam WSL - Logger,ODSS_45534_WSLAHD.1,-32.459706,116.152275,SERPENTINE DAM
Serpentine Main Dam WSL - Ranger,ODSS_21139_WSLAHD.1,-32.459706,116.152275,SERPENTINE DAM
Serp. P/Head Water Level - Logger,ODSS_57568_WSLAHD.1,-32.385145,116.07399,SERPENTINE PIPEHEAD DAM
"Serpentine Pipehead Dam Daily Dam Water Level, Per",PI_230046.1,-32.385145,116.07399,SERPENTINE PIPEHEAD DAM
SHANNON LAGOON - AT DAM,520.1,-42.00916667,146.7388889,SHANNON LAGOON
SILVAN RESERVOIR,229405A,-37.8367,145.4167,SILVAN RESERVOIR
SOUTH PARA RIVER @ South Para Dam,A5050516.1,-34.68962869,138.8569352,SOUTH PARA RESERVOIR
South Para Reservoir (SA Water),SAWSPARRS.1,-34.70002874,138.8655376,SOUTH PARA RESERVOIR
SPLIT ROCK DAM,419080,-30.5776,150.6997,SPLIT ROCK DAM
SpringGully Storage,SPRINGGULLY,-36.804869,144.279156,SPRING GULLY RESERVOIR
"Stirling Dam Daily Dam Water Level, Bunbury, South",PI_321984.1,-33.107073,116.0456435,STIRLING DAM
Stirling Dam Storage Level,ODSS_42363_GLEVN.1,-33.107073,116.0456435,STIRLING DAM
Stirling WSL - Logger Data,ODSS_45532_WSLAHD.1,-33.107073,116.0456435,STIRLING DAM
Stirling Wsl,ODSS_18315_WSLAHD.1,-33.107073,116.0456435,STIRLING DAM
SUGARLOAF RES DAM,229607A,-37.6724,145.279,SUGARLOAF RESERVOIR
SUGARLOAF RES. H.G.,408217A,-37.103981,143.402094,SUGARLOAF RESERVOIR
Talbingo Res - RO,410572A,-35.62396389,148.2999167,TALBINGO RESERVOIR
STONY C TABLOT RES.,407334A,-37.2496,143.6405,TALBOT RESERVOIR
Tantangara Dam RL,410543,-35.7957,148.6632,TANTANGARA RESERVOIR
TARAGO R-TARAGO RES,228224A,-38.0214,145.941,TARAGO RESERVOIR
TAREELAROI STORAGE,418043,-29.4472,150.0336,TAREELAROI WEIR
TARRALEAH No.2 POND - AT TARRALEAH No.2 POND,553.1,-42.30563889,146.4174444,TARRALEAH NO2 POND
Tartrus Weir,130109A,-22.955783,149.423351,TARTRUS WEIR
Teemburra Dam,125015A,-21.2176,148.6651,TEEMBURRA CREEK DAM
"10 Mile Brook Dam Water Level Daily Value, South W",PI_357693.1,-33.963617,115.1248985,TEN MILE BROOK DAM
Ten Mile Bk Wsl,ODSS_18325_WSLAHD.1,-33.963617,115.1248985,TEN MILE BROOK DAM
Ten Mile Brook Dam WSL SCADA,ODSS_61927_WSLAHD.1,-33.963617,115.1248985,TEN MILE BROOK DAM
Dawson at Theodore,130305A,-24.951,150.07385,THEODORE WEIR
THOMSON RESERVOIR,225256A,-37.837,146.39,THOMSON DAM
Tinana Barrage HW,138008A,-25.57206,152.7181,TINANA BARRAGE
Leslie Harrison,145035A,-27.5393,153.170864,TINGALPA RESERVOIR
TOMBULLEN STORAGE,41010971,-34.6455,146.1365,TOMBULLEN STORAGE
Toolondo Reservoir,TOOLONDO,-37.01325,141.947,TOOLONDO RESERVOIR
Tooma at Tooma Res,401565,-36.05471667,148.2782083,TOOMA RESERVOIR
TOONUMBAR DAM STO,203042,-28.6185,152.7936,TOONUMBAR DAM
Tullaroop Reservoir,sp-o11454,-37.09296795,143.8637307,TULLAROOP RESERVOIR
Tumut Pond Reservoir,410542,-35.965,148.3901,TUMUT POND RESERVOIR
Tumut 2 Dam RL,410545,-35.92665,148.3622139,TUMUT TWO PONDAGE
TUNGATINAH LAGOONS - AT DAM,170.1,-42.28194444,146.4652778,TUNGATINAH LAGOON
Upper Cascade,212283.3,-33.695258,150.2997795,UPPER CASCADE CREEK DAM
Upper Cascade,212283.1,-33.695258,150.2997795,UPPER CASCADE CREEK DAM
CASCADE CREEK @ No 3,212283,-33.6914,150.3003,UPPER CASCADE CREEK DAM
Upper Coliban Reservoir,UPPERCOLIBAN,-37.288668,144.393997,UPPER COLIBAN RESERVOIR
Upper Stony,RE604,-37.8233,144.2062,UPPER STONY CREEK RESERVOIR
Upper Stony NO.2,RE604A,-37.8233,144.2062,UPPER STONY CREEK RESERVOIR
Upper Stony NO.3,RE604B,-37.8233,144.2062,UPPER STONY CREEK RESERVOIR
YARRA RIV-UY RES HG,229102A,-37.673072,145.90096,UPPER YARRA RESERVOIR
New Victoria WSL - Logger Data,ODSS_45533_WSLAHD.1,-32.043836,116.075355,VICTORIA RESERVOIR
New Victoria Water Level-Ranger,ODSS_21167_WSLAHD.1,-32.043836,116.075355,VICTORIA RESERVOIR
"Victoria Dam Daily Dam Water Level, Perth Region",PI_342930.1,-32.043836,116.075355,VICTORIA RESERVOIR
R Murray us Lock 2,A4260518,-34.07720506,139.9321373,WAIKERIE WEIR
Wappa,141014A,-26.569487,152.919823,WAPPA DAM
WARANGA BASIN,sp-o11534,-36.556052,145.096115,WARANGA BASIN
SOUTH PARA RIVER @ Warren Reservoir,A5050500.1,-34.70962638,138.9188573,WARREN RESERVOIR
Warren Reservoir (SA Water),SAWWARRRS.1,-34.70606599,138.9244543,WARREN RESERVOIR
Wartook Reservoir,WARTOOK,-37.07561,142.45338,WARTOOK RESERVOIR
WAYATINAH LAGOON - AT INTAKE,190.1,-42.4022,146.5171,WAYATINAH LAGOON
"Wellington Dam Daily Dam Water Level, Bunbury, Sou",PI_321995.1,-33.385948,116.0100675,WELLINGTON DAM
Wellington Wsl,ODSS_18320_WSLAHD.1,-33.385948,116.0100675,WELLINGTON DAM
Wellington Wsl Logger,ODSS_57614_WSLAHD.1,-33.385948,116.0100675,WELLINGTON DAM
West Barwon Res,RE750,-38.53182732,143.7209973,WEST BARWON RESERVOIR
West Gelli Reservoir,RE851,-38.59899654,143.6537143,WEST GELLIBRAND DAM
WHITE SPUR POND - AT DAM,295.1,-41.89611111,145.5297222,WHITE SPUR LAKE
White Swan,233232A,-37.517683,143.924324,WHITE SWAN RESERVOIR
LAL LAL C WILSON RES,232220A,-37.5144,144.0177,WILSON RESERVOIR
Wingecarribee,212212.1,-34.5559095,150.4975415,WINGECARRIBEE RESERVOIR
Wingecarribee,212212.3,-34.5559095,150.4975415,WINGECARRIBEE RESERVOIR
WOODS LAKE - AT DAM,462.1,-42.0764,147.027,WOODS LAKE
"Wungong Dam Daily Dam Water Level, Perth Region",PI_342931.1,-32.2204575,116.080426,WUNGONG RESERVOIR
Wungong Water Level-Logger,ODSS_57570_WSLAHD.1,-32.2204575,116.080426,WUNGONG RESERVOIR
Wungong Water Level-Ranger,ODSS_21140_WSLAHD.1,-32.2204575,116.080426,WUNGONG RESERVOIR
Wuruma Dam,136113A,-25.2006,150.9898,WURAMA RESERVOIR
Wurdee Boluc Res,RE704,-38.2822,144.0504,WURDIBOLUC RESERVOIR
Teviot Brook at Wyaralong Dam HW,145033A,-27.909,152.881,WYARALONG DAM
YAN YEAN RES HG,229406A,-37.5523,145.129,YAN YEAN RESERVOIR
Yerrabi Pond,410791,-35.17719444,149.1278333,YERRABI POND
GLENLYON DAM,416315A,-28.942,151.4539,GLENLYON LAKE
Laanecoorie Reservoir,sp-o10606,-36.83120534,143.8917144,LAANECOORIE RESERVOIR
Lenthalls Dam HW,137303A,-25.40012969,152.5297982,Lake Lenthall
